x-axis,1
second,Volt
+32.000000E-06,
+32.003500E-06,+56.331662228E-03
+32.007000E-06,+55.326637113E-03
+32.010500E-06,+57.839199901E-03
+32.014000E-06,+53.819099441E-03
+32.017500E-06,+57.839199901E-03
+32.021000E-06,+55.829149671E-03
+32.024500E-06,+55.829149671E-03
+32.028000E-06,+57.839199901E-03
+32.031500E-06,+59.346737573E-03
+32.035000E-06,+59.849250130E-03
+32.038500E-06,+57.839199901E-03
+32.042000E-06,+59.849250130E-03
+32.045500E-06,+59.849250130E-03
+32.049000E-06,+59.849250130E-03
+32.052500E-06,+63.869350590E-03
+32.056000E-06,+61.859300360E-03
+32.059500E-06,+63.869350590E-03
+32.063000E-06,+61.859300360E-03
+32.066500E-06,+63.869350590E-03
+32.070000E-06,+63.869350590E-03
+32.073500E-06,+65.879400820E-03
+32.077000E-06,+65.879400820E-03
+32.080500E-06,+63.869350590E-03
+32.084000E-06,+67.889451049E-03
+32.087500E-06,+67.889451049E-03
+32.091000E-06,+65.879400820E-03
+32.094500E-06,+63.869350590E-03
+32.098000E-06,+69.396988722E-03
+32.101500E-06,+67.889451049E-03
+32.105000E-06,+69.899501279E-03
+32.108500E-06,+69.899501279E-03
+32.112000E-06,+69.899501279E-03
+32.115500E-06,+71.909551509E-03
+32.119000E-06,+69.899501279E-03
+32.122500E-06,+71.909551509E-03
+32.126000E-06,+71.909551509E-03
+32.129500E-06,+69.899501279E-03
+32.133000E-06,+69.899501279E-03
+32.136500E-06,+71.909551509E-03
+32.140000E-06,+73.919601738E-03
+32.143500E-06,+71.909551509E-03
+32.147000E-06,+73.919601738E-03
+32.150500E-06,+75.929651968E-03
+32.154000E-06,+75.929651968E-03
+32.157500E-06,+75.929651968E-03
+32.161000E-06,+73.919601738E-03
+32.164500E-06,+75.427139411E-03
+32.168000E-06,+75.929651968E-03
+32.171500E-06,+77.939702198E-03
+32.175000E-06,+77.939702198E-03
+32.178500E-06,+77.939702198E-03
+32.182000E-06,+77.939702198E-03
+32.185500E-06,+79.949752428E-03
+32.189000E-06,+79.949752428E-03
+32.192500E-06,+77.939702198E-03
+32.196000E-06,+79.949752428E-03
+32.199500E-06,+79.949752428E-03
+32.203000E-06,+79.949752428E-03
+32.206500E-06,+79.949752428E-03
+32.210000E-06,+81.959802657E-03
+32.213500E-06,+81.959802657E-03
+32.217000E-06,+83.969852887E-03
+32.220500E-06,+81.959802657E-03
+32.224000E-06,+81.959802657E-03
+32.227500E-06,+83.969852887E-03
+32.231000E-06,+83.969852887E-03
+32.234500E-06,+85.979903117E-03
+32.238000E-06,+83.969852887E-03
+32.241500E-06,+87.989953347E-03
+32.245000E-06,+85.979903117E-03
+32.248500E-06,+85.979903117E-03
+32.252000E-06,+85.979903117E-03
+32.255500E-06,+86.482415674E-03
+32.259000E-06,+87.989953347E-03
+32.262500E-06,+85.979903117E-03
+32.266000E-06,+89.497491019E-03
+32.269500E-06,+90.000003576E-03
+32.273000E-06,+89.497491019E-03
+32.276500E-06,+90.000003576E-03
+32.280000E-06,+90.502516133E-03
+32.283500E-06,+90.000003576E-03
+32.287000E-06,+87.989953347E-03
+32.290500E-06,+90.000003576E-03
+32.294000E-06,+92.010053806E-03
+32.297500E-06,+90.000003576E-03
+32.301000E-06,+92.010053806E-03
+32.304500E-06,+93.517591479E-03
+32.308000E-06,+94.020104036E-03
+32.311500E-06,+92.010053806E-03
+32.315000E-06,+95.527641708E-03
+32.318500E-06,+92.010053806E-03
+32.322000E-06,+94.020104036E-03
+32.325500E-06,+92.010053806E-03
+32.329000E-06,+94.020104036E-03
+32.332500E-06,+96.030154265E-03
+32.336000E-06,+96.030154265E-03
+32.339500E-06,+96.030154265E-03
+32.343000E-06,+96.030154265E-03
+32.346500E-06,+95.527641708E-03
+32.350000E-06,+96.030154265E-03
+32.353500E-06,+97.537691938E-03
+32.357000E-06,+98.040204495E-03
+32.360500E-06,+96.030154265E-03
+32.364000E-06,+98.040204495E-03
+32.367500E-06,+96.030154265E-03
+32.371000E-06,+96.030154265E-03
+32.374500E-06,+100.050254725E-03
+32.378000E-06,+100.050254725E-03
+32.381500E-06,+100.050254725E-03
+32.385000E-06,+96.030154265E-03
+32.388500E-06,+98.040204495E-03
+32.392000E-06,+98.040204495E-03
+32.395500E-06,+102.060304955E-03
+32.399000E-06,+100.050254725E-03
+32.402500E-06,+100.050254725E-03
+32.406000E-06,+100.552767282E-03
+32.409500E-06,+100.050254725E-03
+32.413000E-06,+100.552767282E-03
+32.416500E-06,+102.060304955E-03
+32.420000E-06,+100.050254725E-03
+32.423500E-06,+102.060304955E-03
+32.427000E-06,+104.070355184E-03
+32.430500E-06,+102.060304955E-03
+32.434000E-06,+104.070355184E-03
+32.437500E-06,+102.060304955E-03
+32.441000E-06,+104.070355184E-03
+32.444500E-06,+104.070355184E-03
+32.448000E-06,+103.567842627E-03
+32.451500E-06,+107.587943087E-03
+32.455000E-06,+102.060304955E-03
+32.458500E-06,+105.577892857E-03
+32.462000E-06,+106.080405414E-03
+32.465500E-06,+106.080405414E-03
+32.469000E-06,+106.080405414E-03
+32.472500E-06,+106.080405414E-03
+32.476000E-06,+108.090455644E-03
+32.479500E-06,+106.080405414E-03
+32.483000E-06,+108.090455644E-03
+32.486500E-06,+108.090455644E-03
+32.490000E-06,+108.090455644E-03
+32.493500E-06,+106.080405414E-03
+32.497000E-06,+108.090455644E-03
+32.500500E-06,+108.090455644E-03
+32.504000E-06,+107.587943087E-03
+32.507500E-06,+110.100505874E-03
+32.511000E-06,+110.100505874E-03
+32.514500E-06,+110.603018430E-03
+32.518000E-06,+110.100505874E-03
+32.521500E-06,+112.110556103E-03
+32.525000E-06,+112.110556103E-03
+32.528500E-06,+110.100505874E-03
+32.532000E-06,+110.100505874E-03
+32.535500E-06,+112.110556103E-03
+32.539000E-06,+112.110556103E-03
+32.542500E-06,+112.110556103E-03
+32.546000E-06,+113.618093776E-03
+32.549500E-06,+112.613068660E-03
+32.553000E-06,+112.110556103E-03
+32.556500E-06,+114.120606333E-03
+32.560000E-06,+113.618093776E-03
+32.563500E-06,+116.130656563E-03
+32.567000E-06,+114.120606333E-03
+32.570500E-06,+117.638194236E-03
+32.574000E-06,+116.130656563E-03
+32.577500E-06,+116.130656563E-03
+32.581000E-06,+116.130656563E-03
+32.584500E-06,+116.130656563E-03
+32.588000E-06,+116.130656563E-03
+32.591500E-06,+114.120606333E-03
+32.595000E-06,+116.130656563E-03
+32.598500E-06,+118.140706792E-03
+32.602000E-06,+118.140706792E-03
+32.605500E-06,+118.140706792E-03
+32.609000E-06,+119.648244465E-03
+32.612500E-06,+120.150757022E-03
+32.616000E-06,+118.643219349E-03
+32.619500E-06,+120.150757022E-03
+32.623000E-06,+116.633169120E-03
+32.626500E-06,+120.150757022E-03
+32.630000E-06,+120.150757022E-03
+32.633500E-06,+122.160807252E-03
+32.637000E-06,+120.150757022E-03
+32.640500E-06,+122.160807252E-03
+32.644000E-06,+120.653269579E-03
+32.647500E-06,+120.150757022E-03
+32.651000E-06,+118.140706792E-03
+32.654500E-06,+122.160807252E-03
+32.658000E-06,+122.160807252E-03
+32.661500E-06,+121.658294695E-03
+32.665000E-06,+122.160807252E-03
+32.668500E-06,+124.170857482E-03
+32.672000E-06,+122.160807252E-03
+32.675500E-06,+122.160807252E-03
+32.679000E-06,+122.160807252E-03
+32.682500E-06,+125.678395155E-03
+32.686000E-06,+124.170857482E-03
+32.689500E-06,+124.170857482E-03
+32.693000E-06,+124.170857482E-03
+32.696500E-06,+122.160807252E-03
+32.700000E-06,+124.170857482E-03
+32.703500E-06,+124.170857482E-03
+32.707000E-06,+126.180907711E-03
+32.710500E-06,+127.688445384E-03
+32.714000E-06,+126.180907711E-03
+32.717500E-06,+124.170857482E-03
+32.721000E-06,+126.180907711E-03
+32.724500E-06,+124.673370038E-03
+32.728000E-06,+125.678395155E-03
+32.731500E-06,+128.190957941E-03
+32.735000E-06,+127.688445384E-03
+32.738500E-06,+127.688445384E-03
+32.742000E-06,+126.180907711E-03
+32.745500E-06,+128.190957941E-03
+32.749000E-06,+130.703520727E-03
+32.752500E-06,+128.190957941E-03
+32.756000E-06,+128.190957941E-03
+32.759500E-06,+128.190957941E-03
+32.763000E-06,+130.201008171E-03
+32.766500E-06,+130.201008171E-03
+32.770000E-06,+130.201008171E-03
+32.773500E-06,+129.698495614E-03
+32.777000E-06,+128.190957941E-03
+32.780500E-06,+130.201008171E-03
+32.784000E-06,+128.190957941E-03
+32.787500E-06,+130.201008171E-03
+32.791000E-06,+130.201008171E-03
+32.794500E-06,+132.211058401E-03
+32.798000E-06,+130.201008171E-03
+32.801500E-06,+132.211058401E-03
+32.805000E-06,+132.211058401E-03
+32.808500E-06,+132.211058401E-03
+32.812000E-06,+134.221108630E-03
+32.815500E-06,+132.211058401E-03
+32.819000E-06,+132.211058401E-03
+32.822500E-06,+132.211058401E-03
+32.826000E-06,+133.718596074E-03
+32.829500E-06,+132.211058401E-03
+32.833000E-06,+130.201008171E-03
+32.836500E-06,+132.211058401E-03
+32.840000E-06,+132.211058401E-03
+32.843500E-06,+132.211058401E-03
+32.847000E-06,+136.231158860E-03
+32.850500E-06,+132.211058401E-03
+32.854000E-06,+132.713570957E-03
+32.857500E-06,+134.221108630E-03
+32.861000E-06,+134.221108630E-03
+32.864500E-06,+133.718596074E-03
+32.868000E-06,+136.733671417E-03
+32.871500E-06,+134.221108630E-03
+32.875000E-06,+136.231158860E-03
+32.878500E-06,+132.713570957E-03
+32.882000E-06,+136.231158860E-03
+32.885500E-06,+134.221108630E-03
+32.889000E-06,+135.728646304E-03
+32.892500E-06,+134.723621187E-03
+32.896000E-06,+136.231158860E-03
+32.899500E-06,+137.738696533E-03
+32.903000E-06,+136.231158860E-03
+32.906500E-06,+138.241209090E-03
+32.910000E-06,+136.733671417E-03
+32.913500E-06,+138.241209090E-03
+32.917000E-06,+138.241209090E-03
+32.920500E-06,+138.743721646E-03
+32.924000E-06,+138.241209090E-03
+32.927500E-06,+138.743721646E-03
+32.931000E-06,+136.231158860E-03
+32.934500E-06,+136.231158860E-03
+32.938000E-06,+138.241209090E-03
+32.941500E-06,+140.251259319E-03
+32.945000E-06,+140.251259319E-03
+32.948500E-06,+138.241209090E-03
+32.952000E-06,+140.251259319E-03
+32.955500E-06,+138.241209090E-03
+32.959000E-06,+138.241209090E-03
+32.962500E-06,+140.251259319E-03
+32.966000E-06,+138.241209090E-03
+32.969500E-06,+140.251259319E-03
+32.973000E-06,+140.251259319E-03
+32.976500E-06,+142.261309549E-03
+32.980000E-06,+139.748746763E-03
+32.983500E-06,+140.251259319E-03
+32.987000E-06,+140.753771876E-03
+32.990500E-06,+142.261309549E-03
+32.994000E-06,+140.251259319E-03
+32.997500E-06,+140.251259319E-03
+33.001000E-06,+140.251259319E-03
+33.004500E-06,+142.763822106E-03
+33.008000E-06,+140.251259319E-03
+33.011500E-06,+142.261309549E-03
+33.015000E-06,+140.251259319E-03
+33.018500E-06,+140.251259319E-03
+33.022000E-06,+140.251259319E-03
+33.025500E-06,+140.753771876E-03
+33.029000E-06,+138.743721646E-03
+33.032500E-06,+140.251259319E-03
+33.036000E-06,+140.251259319E-03
+33.039500E-06,+140.251259319E-03
+33.043000E-06,+142.261309549E-03
+33.046500E-06,+140.251259319E-03
+33.050000E-06,+140.251259319E-03
+33.053500E-06,+140.251259319E-03
+33.057000E-06,+142.261309549E-03
+33.060500E-06,+140.251259319E-03
+33.064000E-06,+140.251259319E-03
+33.067500E-06,+144.271359779E-03
+33.071000E-06,+140.251259319E-03
+33.074500E-06,+142.261309549E-03
+33.078000E-06,+140.251259319E-03
+33.081500E-06,+140.753771876E-03
+33.085000E-06,+140.251259319E-03
+33.088500E-06,+143.768847223E-03
+33.092000E-06,+144.773872335E-03
+33.095500E-06,+142.261309549E-03
+33.099000E-06,+144.271359779E-03
+33.102500E-06,+144.773872335E-03
+33.106000E-06,+144.271359779E-03
+33.109500E-06,+142.261309549E-03
+33.113000E-06,+144.271359779E-03
+33.116500E-06,+144.271359779E-03
+33.120000E-06,+142.261309549E-03
+33.123500E-06,+142.261309549E-03
+33.127000E-06,+142.261309549E-03
+33.130500E-06,+144.271359779E-03
+33.134000E-06,+144.271359779E-03
+33.137500E-06,+142.261309549E-03
+33.141000E-06,+142.261309549E-03
+33.144500E-06,+146.281410009E-03
+33.148000E-06,+144.271359779E-03
+33.151500E-06,+144.271359779E-03
+33.155000E-06,+147.788947682E-03
+33.158500E-06,+143.768847223E-03
+33.162000E-06,+147.788947682E-03
+33.165500E-06,+144.271359779E-03
+33.169000E-06,+146.281410009E-03
+33.172500E-06,+146.281410009E-03
+33.176000E-06,+144.271359779E-03
+33.179500E-06,+146.281410009E-03
+33.183000E-06,+146.281410009E-03
+33.186500E-06,+146.281410009E-03
+33.190000E-06,+144.271359779E-03
+33.193500E-06,+146.281410009E-03
+33.197000E-06,+146.281410009E-03
+33.200500E-06,+144.271359779E-03
+33.204000E-06,+146.281410009E-03
+33.207500E-06,+144.271359779E-03
+33.211000E-06,+146.281410009E-03
+33.214500E-06,+145.778897452E-03
+33.218000E-06,+147.788947682E-03
+33.221500E-06,+150.301510468E-03
+33.225000E-06,+148.291460238E-03
+33.228500E-06,+146.281410009E-03
+33.232000E-06,+144.271359779E-03
+33.235500E-06,+146.281410009E-03
+33.239000E-06,+148.291460238E-03
+33.242500E-06,+142.763822105E-03
+33.246000E-06,+148.291460238E-03
+33.249500E-06,+148.291460238E-03
+33.253000E-06,+146.783922565E-03
+33.256500E-06,+148.291460238E-03
+33.260000E-06,+146.783922565E-03
+33.263500E-06,+147.788947682E-03
+33.267000E-06,+150.301510468E-03
+33.270500E-06,+150.301510468E-03
+33.274000E-06,+146.281410009E-03
+33.277500E-06,+148.291460238E-03
+33.281000E-06,+150.301510468E-03
+33.284500E-06,+150.301510468E-03
+33.288000E-06,+148.291460238E-03
+33.291500E-06,+148.291460238E-03
+33.295000E-06,+150.301510468E-03
+33.298500E-06,+148.291460238E-03
+33.302000E-06,+148.793972794E-03
+33.305500E-06,+148.291460238E-03
+33.309000E-06,+148.291460238E-03
+33.312500E-06,+150.301510468E-03
+33.316000E-06,+150.301510468E-03
+33.319500E-06,+146.281410009E-03
+33.323000E-06,+148.291460238E-03
+33.326500E-06,+150.301510468E-03
+33.330000E-06,+148.291460238E-03
+33.333500E-06,+150.301510468E-03
+33.337000E-06,+150.301510468E-03
+33.340500E-06,+150.301510468E-03
+33.344000E-06,+150.301510468E-03
+33.347500E-06,+148.793972794E-03
+33.351000E-06,+148.793972794E-03
+33.354500E-06,+150.301510468E-03
+33.358000E-06,+152.311560698E-03
+33.361500E-06,+148.291460238E-03
+33.365000E-06,+150.301510468E-03
+33.368500E-06,+150.301510468E-03
+33.372000E-06,+151.809048142E-03
+33.375500E-06,+148.291460238E-03
+33.379000E-06,+148.291460238E-03
+33.382500E-06,+148.291460238E-03
+33.386000E-06,+150.301510468E-03
+33.389500E-06,+148.291460238E-03
+33.393000E-06,+146.281410009E-03
+33.396500E-06,+152.311560698E-03
+33.400000E-06,+150.301510468E-03
+33.403500E-06,+150.301510468E-03
+33.407000E-06,+150.301510468E-03
+33.410500E-06,+152.311560698E-03
+33.414000E-06,+152.814073254E-03
+33.417500E-06,+150.804023024E-03
+33.421000E-06,+152.311560698E-03
+33.424500E-06,+152.311560698E-03
+33.428000E-06,+152.311560698E-03
+33.431500E-06,+150.301510468E-03
+33.435000E-06,+150.301510468E-03
+33.438500E-06,+146.281410009E-03
+33.442000E-06,+152.311560698E-03
+33.445500E-06,+152.311560698E-03
+33.449000E-06,+152.311560698E-03
+33.452500E-06,+152.311560698E-03
+33.456000E-06,+153.819098372E-03
+33.459500E-06,+152.311560698E-03
+33.463000E-06,+148.793972794E-03
+33.466500E-06,+151.809048142E-03
+33.470000E-06,+150.804023024E-03
+33.473500E-06,+154.321610928E-03
+33.477000E-06,+152.311560698E-03
+33.480500E-06,+154.321610928E-03
+33.484000E-06,+152.311560698E-03
+33.487500E-06,+152.311560698E-03
+33.491000E-06,+154.321610928E-03
+33.494500E-06,+150.301510468E-03
+33.498000E-06,+152.814073254E-03
+33.501500E-06,+153.819098372E-03
+33.505000E-06,+153.819098372E-03
+33.508500E-06,+152.311560698E-03
+33.512000E-06,+152.311560698E-03
+33.515500E-06,+152.311560698E-03
+33.519000E-06,+152.311560698E-03
+33.522500E-06,+154.321610928E-03
+33.526000E-06,+152.814073254E-03
+33.529500E-06,+152.311560698E-03
+33.533000E-06,+152.814073254E-03
+33.536500E-06,+154.321610928E-03
+33.540000E-06,+156.331661157E-03
+33.543500E-06,+152.311560698E-03
+33.547000E-06,+154.321610928E-03
+33.550500E-06,+154.321610928E-03
+33.554000E-06,+155.829148601E-03
+33.557500E-06,+156.331661157E-03
+33.561000E-06,+154.321610928E-03
+33.564500E-06,+154.321610928E-03
+33.568000E-06,+152.311560698E-03
+33.571500E-06,+152.311560698E-03
+33.575000E-06,+154.321610928E-03
+33.578500E-06,+154.321610928E-03
+33.582000E-06,+156.331661157E-03
+33.585500E-06,+154.321610928E-03
+33.589000E-06,+156.331661157E-03
+33.592500E-06,+154.321610928E-03
+33.596000E-06,+154.321610928E-03
+33.599500E-06,+153.819098372E-03
+33.603000E-06,+154.321610928E-03
+33.606500E-06,+156.331661157E-03
+33.610000E-06,+154.321610928E-03
+33.613500E-06,+154.321610928E-03
+33.617000E-06,+156.331661157E-03
+33.620500E-06,+152.311560698E-03
+33.624000E-06,+153.819098372E-03
+33.627500E-06,+156.331661157E-03
+33.631000E-06,+154.321610928E-03
+33.634500E-06,+154.824123483E-03
+33.638000E-06,+152.814073254E-03
+33.641500E-06,+156.331661157E-03
+33.645000E-06,+153.819098372E-03
+33.648500E-06,+154.321610928E-03
+33.652000E-06,+157.839198831E-03
+33.655500E-06,+152.311560698E-03
+33.659000E-06,+155.829148602E-03
+33.662500E-06,+154.321610928E-03
+33.666000E-06,+154.321610928E-03
+33.669500E-06,+154.321610928E-03
+33.673000E-06,+154.321610928E-03
+33.676500E-06,+154.321610928E-03
+33.680000E-06,+152.311560698E-03
+33.683500E-06,+154.321610928E-03
+33.687000E-06,+154.321610928E-03
+33.690500E-06,+152.311560698E-03
+33.694000E-06,+154.321610928E-03
+33.697500E-06,+154.321610928E-03
+33.701000E-06,+152.814073254E-03
+33.704500E-06,+152.311560698E-03
+33.708000E-06,+154.321610928E-03
+33.711500E-06,+154.321610928E-03
+33.715000E-06,+155.829148602E-03
+33.718500E-06,+154.321610928E-03
+33.722000E-06,+155.829148602E-03
+33.725500E-06,+156.331661157E-03
+33.729000E-06,+154.321610928E-03
+33.732500E-06,+154.321610928E-03
+33.736000E-06,+152.814073253E-03
+33.739500E-06,+154.321610928E-03
+33.743000E-06,+154.321610928E-03
+33.746500E-06,+154.321610928E-03
+33.750000E-06,+152.311560698E-03
+33.753500E-06,+154.321610928E-03
+33.757000E-06,+154.321610928E-03
+33.760500E-06,+154.321610928E-03
+33.764000E-06,+154.824123483E-03
+33.767500E-06,+152.814073253E-03
+33.771000E-06,+152.311560698E-03
+33.774500E-06,+154.321610928E-03
+33.778000E-06,+155.829148602E-03
+33.781500E-06,+156.331661157E-03
+33.785000E-06,+154.824123483E-03
+33.788500E-06,+154.321610928E-03
+33.792000E-06,+154.321610928E-03
+33.795500E-06,+154.321610928E-03
+33.799000E-06,+154.321610928E-03
+33.802500E-06,+158.341711387E-03
+33.806000E-06,+154.321610928E-03
+33.809500E-06,+154.321610928E-03
+33.813000E-06,+156.331661157E-03
+33.816500E-06,+156.331661157E-03
+33.820000E-06,+154.321610928E-03
+33.823500E-06,+156.331661157E-03
+33.827000E-06,+156.331661157E-03
+33.830500E-06,+154.321610928E-03
+33.834000E-06,+156.331661157E-03
+33.837500E-06,+156.331661157E-03
+33.841000E-06,+154.321610928E-03
+33.844500E-06,+156.331661157E-03
+33.848000E-06,+154.321610928E-03
+33.851500E-06,+156.331661157E-03
+33.855000E-06,+154.321610928E-03
+33.858500E-06,+156.331661157E-03
+33.862000E-06,+156.331661157E-03
+33.865500E-06,+154.321610928E-03
+33.869000E-06,+158.341711387E-03
+33.872500E-06,+156.331661157E-03
+33.876000E-06,+156.834173713E-03
+33.879500E-06,+156.331661157E-03
+33.883000E-06,+154.321610928E-03
+33.886500E-06,+156.331661157E-03
+33.890000E-06,+157.839198832E-03
+33.893500E-06,+158.341711387E-03
+33.897000E-06,+158.341711387E-03
+33.900500E-06,+156.331661157E-03
+33.904000E-06,+154.321610928E-03
+33.907500E-06,+156.331661157E-03
+33.911000E-06,+156.331661157E-03
+33.914500E-06,+156.331661157E-03
+33.918000E-06,+158.341711387E-03
+33.921500E-06,+156.331661157E-03
+33.925000E-06,+156.331661157E-03
+33.928500E-06,+154.321610928E-03
+33.932000E-06,+158.341711387E-03
+33.935500E-06,+156.331661157E-03
+33.939000E-06,+160.351761617E-03
+33.942500E-06,+158.341711387E-03
+33.946000E-06,+156.331661157E-03
+33.949500E-06,+155.829148602E-03
+33.953000E-06,+158.341711387E-03
+33.956500E-06,+156.331661157E-03
+33.960000E-06,+156.331661157E-03
+33.963500E-06,+156.331661157E-03
+33.967000E-06,+156.331661157E-03
+33.970500E-06,+156.331661157E-03
+33.974000E-06,+156.331661157E-03
+33.977500E-06,+156.331661157E-03
+33.981000E-06,+156.331661157E-03
+33.984500E-06,+156.331661157E-03
+33.988000E-06,+157.839198832E-03
+33.991500E-06,+156.331661157E-03
+33.995000E-06,+156.331661157E-03
+33.998500E-06,+156.331661157E-03
+34.002000E-06,+156.331661157E-03
+34.005500E-06,+156.331661157E-03
+34.009000E-06,+158.341711387E-03
+34.012500E-06,+158.341711387E-03
+34.016000E-06,+160.351761617E-03
+34.019500E-06,+158.341711387E-03
+34.023000E-06,+156.331661157E-03
+34.026500E-06,+156.834173713E-03
+34.030000E-06,+156.331661157E-03
+34.033500E-06,+156.331661157E-03
+34.037000E-06,+156.331661157E-03
+34.040500E-06,+156.331661157E-03
+34.044000E-06,+158.341711387E-03
+34.047500E-06,+158.341711387E-03
+34.051000E-06,+156.331661157E-03
+34.054500E-06,+154.321610928E-03
+34.058000E-06,+157.839198832E-03
+34.061500E-06,+156.331661157E-03
+34.065000E-06,+156.331661157E-03
+34.068500E-06,+158.844223942E-03
+34.072000E-06,+156.331661157E-03
+34.075500E-06,+156.331661157E-03
+34.079000E-06,+156.331661157E-03
+34.082500E-06,+158.341711387E-03
+34.086000E-06,+156.834173713E-03
+34.089500E-06,+158.341711387E-03
+34.093000E-06,+156.331661157E-03
+34.096500E-06,+158.341711387E-03
+34.100000E-06,+158.341711387E-03
+34.103500E-06,+156.834173713E-03
+34.107000E-06,+156.331661157E-03
+34.110500E-06,+156.331661157E-03
+34.114000E-06,+156.834173713E-03
+34.117500E-06,+157.839198832E-03
+34.121000E-06,+158.341711387E-03
+34.124500E-06,+156.331661157E-03
+34.128000E-06,+158.341711387E-03
+34.131500E-06,+158.341711387E-03
+34.135000E-06,+156.331661157E-03
+34.138500E-06,+156.331661157E-03
+34.142000E-06,+158.341711387E-03
+34.145500E-06,+156.331661157E-03
+34.149000E-06,+156.331661157E-03
+34.152500E-06,+154.824123483E-03
+34.156000E-06,+158.341711387E-03
+34.159500E-06,+158.341711387E-03
+34.163000E-06,+156.331661157E-03
+34.166500E-06,+158.341711387E-03
+34.170000E-06,+157.839198832E-03
+34.173500E-06,+158.341711387E-03
+34.177000E-06,+156.834173712E-03
+34.180500E-06,+158.341711387E-03
+34.184000E-06,+159.849249062E-03
+34.187500E-06,+158.341711387E-03
+34.191000E-06,+158.341711387E-03
+34.194500E-06,+158.341711387E-03
+34.198000E-06,+156.834173712E-03
+34.201500E-06,+158.341711387E-03
+34.205000E-06,+160.351761617E-03
+34.208500E-06,+156.834173712E-03
+34.212000E-06,+158.844223942E-03
+34.215500E-06,+160.351761617E-03
+34.219000E-06,+160.351761617E-03
+34.222500E-06,+158.844223942E-03
+34.226000E-06,+158.341711387E-03
+34.229500E-06,+158.341711387E-03
+34.233000E-06,+158.341711387E-03
+34.236500E-06,+158.341711387E-03
+34.240000E-06,+159.849249062E-03
+34.243500E-06,+158.341711387E-03
+34.247000E-06,+158.341711387E-03
+34.250500E-06,+158.341711387E-03
+34.254000E-06,+156.331661157E-03
+34.257500E-06,+160.351761617E-03
+34.261000E-06,+158.341711387E-03
+34.264500E-06,+158.341711387E-03
+34.268000E-06,+158.341711387E-03
+34.271500E-06,+156.331661157E-03
+34.275000E-06,+159.849249062E-03
+34.278500E-06,+158.341711387E-03
+34.282000E-06,+158.341711387E-03
+34.285500E-06,+156.331661157E-03
+34.289000E-06,+158.341711387E-03
+34.292500E-06,+162.361811846E-03
+34.296000E-06,+159.849249062E-03
+34.299500E-06,+160.351761617E-03
+34.303000E-06,+160.351761617E-03
+34.306500E-06,+160.351761617E-03
+34.310000E-06,+158.341711387E-03
+34.313500E-06,+160.351761617E-03
+34.317000E-06,+158.844223942E-03
+34.320500E-06,+158.341711387E-03
+34.324000E-06,+158.844223942E-03
+34.327500E-06,+158.341711387E-03
+34.331000E-06,+160.351761617E-03
+34.334500E-06,+160.351761617E-03
+34.338000E-06,+156.834173712E-03
+34.341500E-06,+160.351761617E-03
+34.345000E-06,+158.341711387E-03
+34.348500E-06,+158.341711387E-03
+34.352000E-06,+158.341711387E-03
+34.355500E-06,+158.341711387E-03
+34.359000E-06,+158.341711387E-03
+34.362500E-06,+158.341711387E-03
+34.366000E-06,+158.341711387E-03
+34.369500E-06,+158.341711387E-03
+34.373000E-06,+160.351761617E-03
+34.376500E-06,+160.351761617E-03
+34.380000E-06,+160.351761617E-03
+34.383500E-06,+160.351761617E-03
+34.387000E-06,+158.341711387E-03
+34.390500E-06,+158.341711387E-03
+34.394000E-06,+160.351761617E-03
+34.397500E-06,+158.341711387E-03
+34.401000E-06,+160.351761617E-03
+34.404500E-06,+160.854274172E-03
+34.408000E-06,+158.341711387E-03
+34.411500E-06,+158.341711387E-03
+34.415000E-06,+158.341711387E-03
+34.418500E-06,+160.351761617E-03
+34.422000E-06,+160.351761617E-03
+34.425500E-06,+160.351761617E-03
+34.429000E-06,+160.351761617E-03
+34.432500E-06,+160.351761617E-03
+34.436000E-06,+160.351761617E-03
+34.439500E-06,+159.849249062E-03
+34.443000E-06,+158.341711387E-03
+34.446500E-06,+158.844223942E-03
+34.450000E-06,+158.341711387E-03
+34.453500E-06,+158.341711387E-03
+34.457000E-06,+160.351761617E-03
+34.460500E-06,+160.351761617E-03
+34.464000E-06,+158.341711387E-03
+34.467500E-06,+158.341711387E-03
+34.471000E-06,+158.341711387E-03
+34.474500E-06,+159.849249062E-03
+34.478000E-06,+158.341711387E-03
+34.481500E-06,+160.351761617E-03
+34.485000E-06,+160.351761617E-03
+34.488500E-06,+160.351761617E-03
+34.492000E-06,+160.351761617E-03
+34.495500E-06,+159.849249062E-03
+34.499000E-06,+160.351761617E-03
+34.502500E-06,+160.351761617E-03
+34.506000E-06,+161.859299292E-03
+34.509500E-06,+158.341711387E-03
+34.513000E-06,+160.351761617E-03
+34.516500E-06,+160.351761617E-03
+34.520000E-06,+159.849249062E-03
+34.523500E-06,+160.351761617E-03
+34.527000E-06,+160.854274172E-03
+34.530500E-06,+158.341711387E-03
+34.534000E-06,+158.341711387E-03
+34.537500E-06,+162.361811846E-03
+34.541000E-06,+162.361811846E-03
+34.544500E-06,+160.351761617E-03
+34.548000E-06,+162.361811846E-03
+34.551500E-06,+160.351761617E-03
+34.555000E-06,+160.351761617E-03
+34.558500E-06,+158.341711387E-03
+34.562000E-06,+160.351761617E-03
+34.565500E-06,+162.361811846E-03
+34.569000E-06,+156.834173712E-03
+34.572500E-06,+158.341711387E-03
+34.576000E-06,+160.351761617E-03
+34.579500E-06,+160.351761617E-03
+34.583000E-06,+160.351761617E-03
+34.586500E-06,+160.351761617E-03
+34.590000E-06,+162.361811846E-03
+34.593500E-06,+160.351761617E-03
+34.597000E-06,+160.351761617E-03
+34.600500E-06,+162.361811846E-03
+34.604000E-06,+160.351761617E-03
+34.607500E-06,+160.351761617E-03
+34.611000E-06,+160.351761617E-03
+34.614500E-06,+160.351761617E-03
+34.618000E-06,+160.351761617E-03
+34.621500E-06,+162.361811846E-03
+34.625000E-06,+161.859299292E-03
+34.628500E-06,+160.854274171E-03
+34.632000E-06,+160.351761617E-03
+34.635500E-06,+163.869349522E-03
+34.639000E-06,+160.351761617E-03
+34.642500E-06,+162.361811846E-03
+34.646000E-06,+162.361811846E-03
+34.649500E-06,+162.361811846E-03
+34.653000E-06,+162.361811846E-03
+34.656500E-06,+162.361811846E-03
+34.660000E-06,+162.361811846E-03
+34.663500E-06,+158.341711387E-03
+34.667000E-06,+160.351761617E-03
+34.670500E-06,+162.361811846E-03
+34.674000E-06,+162.361811846E-03
+34.677500E-06,+164.371862076E-03
+34.681000E-06,+160.351761617E-03
+34.684500E-06,+162.361811846E-03
+34.688000E-06,+162.361811846E-03
+34.691500E-06,+160.351761617E-03
+34.695000E-06,+160.351761617E-03
+34.698500E-06,+162.361811846E-03
+34.702000E-06,+160.854274171E-03
+34.705500E-06,+162.361811846E-03
+34.709000E-06,+162.361811846E-03
+34.712500E-06,+162.361811846E-03
+34.716000E-06,+164.874374631E-03
+34.719500E-06,+162.361811846E-03
+34.723000E-06,+160.351761617E-03
+34.726500E-06,+161.859299292E-03
+34.730000E-06,+164.371862076E-03
+34.733500E-06,+162.361811846E-03
+34.737000E-06,+162.361811846E-03
+34.740500E-06,+160.351761617E-03
+34.744000E-06,+160.351761617E-03
+34.747500E-06,+162.361811846E-03
+34.751000E-06,+162.361811846E-03
+34.754500E-06,+160.351761617E-03
+34.758000E-06,+162.361811846E-03
+34.761500E-06,+162.361811846E-03
+34.765000E-06,+162.361811846E-03
+34.768500E-06,+161.859299292E-03
+34.772000E-06,+164.371862076E-03
+34.775500E-06,+162.361811846E-03
+34.779000E-06,+162.864324401E-03
+34.782500E-06,+160.351761617E-03
+34.786000E-06,+162.361811846E-03
+34.789500E-06,+164.371862076E-03
+34.793000E-06,+162.361811846E-03
+34.796500E-06,+160.351761617E-03
+34.800000E-06,+162.361811846E-03
+34.803500E-06,+162.361811846E-03
+34.807000E-06,+160.351761617E-03
+34.810500E-06,+164.371862076E-03
+34.814000E-06,+162.361811846E-03
+34.817500E-06,+162.361811846E-03
+34.821000E-06,+162.864324401E-03
+34.824500E-06,+164.371862076E-03
+34.828000E-06,+160.351761617E-03
+34.831500E-06,+162.361811846E-03
+34.835000E-06,+162.361811846E-03
+34.838500E-06,+161.859299292E-03
+34.842000E-06,+164.371862076E-03
+34.845500E-06,+164.371862076E-03
+34.849000E-06,+164.371862076E-03
+34.852500E-06,+164.371862076E-03
+34.856000E-06,+162.361811846E-03
+34.859500E-06,+160.351761617E-03
+34.863000E-06,+164.371862076E-03
+34.866500E-06,+166.381912306E-03
+34.870000E-06,+162.864324401E-03
+34.873500E-06,+162.361811846E-03
+34.877000E-06,+164.371862076E-03
+34.880500E-06,+164.371862076E-03
+34.884000E-06,+162.361811846E-03
+34.887500E-06,+163.869349522E-03
+34.891000E-06,+164.371862076E-03
+34.894500E-06,+164.371862076E-03
+34.898000E-06,+163.869349522E-03
+34.901500E-06,+166.381912306E-03
+34.905000E-06,+162.361811846E-03
+34.908500E-06,+164.371862076E-03
+34.912000E-06,+162.361811846E-03
+34.915500E-06,+164.371862076E-03
+34.919000E-06,+160.854274171E-03
+34.922500E-06,+162.361811846E-03
+34.926000E-06,+160.351761617E-03
+34.929500E-06,+162.361811846E-03
+34.933000E-06,+162.361811846E-03
+34.936500E-06,+164.371862076E-03
+34.940000E-06,+162.361811846E-03
+34.943500E-06,+162.361811846E-03
+34.947000E-06,+164.371862076E-03
+34.950500E-06,+164.371862076E-03
+34.954000E-06,+164.371862076E-03
+34.957500E-06,+162.361811846E-03
+34.961000E-06,+164.371862076E-03
+34.964500E-06,+160.351761617E-03
+34.968000E-06,+162.361811846E-03
+34.971500E-06,+162.361811846E-03
+34.975000E-06,+163.869349522E-03
+34.978500E-06,+162.361811846E-03
+34.982000E-06,+162.361811846E-03
+34.985500E-06,+162.361811846E-03
+34.989000E-06,+160.351761617E-03
+34.992500E-06,+162.361811846E-03
+34.996000E-06,+160.854274171E-03
+34.999500E-06,+160.351761617E-03
+35.003000E-06,+161.859299292E-03
+35.006500E-06,+162.361811846E-03
+35.010000E-06,+160.351761617E-03
+35.013500E-06,+159.849249062E-03
+35.017000E-06,+160.351761617E-03
+35.020500E-06,+160.351761617E-03
+35.024000E-06,+158.341711387E-03
+35.027500E-06,+160.854274171E-03
+35.031000E-06,+162.361811846E-03
+35.034500E-06,+162.361811846E-03
+35.038000E-06,+160.351761617E-03
+35.041500E-06,+162.361811846E-03
+35.045000E-06,+164.371862076E-03
+35.048500E-06,+164.371862076E-03
+35.052000E-06,+160.351761617E-03
+35.055500E-06,+162.361811846E-03
+35.059000E-06,+162.361811846E-03
+35.062500E-06,+162.361811846E-03
+35.066000E-06,+162.361811846E-03
+35.069500E-06,+162.361811846E-03
+35.073000E-06,+160.351761617E-03
+35.076500E-06,+162.361811846E-03
+35.080000E-06,+159.849249063E-03
+35.083500E-06,+164.371862076E-03
+35.087000E-06,+162.361811846E-03
+35.090500E-06,+160.854274171E-03
+35.094000E-06,+162.361811846E-03
+35.097500E-06,+162.361811846E-03
+35.101000E-06,+162.864324401E-03
+35.104500E-06,+164.371862076E-03
+35.108000E-06,+164.371862076E-03
+35.111500E-06,+162.361811846E-03
+35.115000E-06,+161.859299292E-03
+35.118500E-06,+164.371862076E-03
+35.122000E-06,+162.361811846E-03
+35.125500E-06,+162.361811846E-03
+35.129000E-06,+162.864324401E-03
+35.132500E-06,+163.869349522E-03
+35.136000E-06,+162.361811846E-03
+35.139500E-06,+164.371862076E-03
+35.143000E-06,+164.371862076E-03
+35.146500E-06,+162.361811846E-03
+35.150000E-06,+164.371862076E-03
+35.153500E-06,+162.361811846E-03
+35.157000E-06,+162.361811846E-03
+35.160500E-06,+162.361811846E-03
+35.164000E-06,+162.361811846E-03
+35.167500E-06,+160.351761617E-03
+35.171000E-06,+162.361811846E-03
+35.174500E-06,+162.361811846E-03
+35.178000E-06,+162.361811846E-03
+35.181500E-06,+164.371862076E-03
+35.185000E-06,+163.869349522E-03
+35.188500E-06,+162.361811846E-03
+35.192000E-06,+164.371862076E-03
+35.195500E-06,+164.371862076E-03
+35.199000E-06,+162.361811846E-03
+35.202500E-06,+164.371862076E-03
+35.206000E-06,+162.361811846E-03
+35.209500E-06,+162.361811846E-03
+35.213000E-06,+162.361811846E-03
+35.216500E-06,+164.371862076E-03
+35.220000E-06,+166.381912306E-03
+35.223500E-06,+164.371862076E-03
+35.227000E-06,+164.874374630E-03
+35.230500E-06,+162.361811846E-03
+35.234000E-06,+162.361811846E-03
+35.237500E-06,+164.371862076E-03
+35.241000E-06,+162.361811846E-03
+35.244500E-06,+163.869349522E-03
+35.248000E-06,+164.371862076E-03
+35.251500E-06,+164.371862076E-03
+35.255000E-06,+162.361811846E-03
+35.258500E-06,+162.361811846E-03
+35.262000E-06,+164.874374630E-03
+35.265500E-06,+163.869349522E-03
+35.269000E-06,+162.361811846E-03
+35.272500E-06,+163.869349522E-03
+35.276000E-06,+164.371862076E-03
+35.279500E-06,+164.371862076E-03
+35.283000E-06,+166.381912306E-03
+35.286500E-06,+162.864324401E-03
+35.290000E-06,+165.879399752E-03
+35.293500E-06,+164.371862076E-03
+35.297000E-06,+162.864324401E-03
+35.300500E-06,+164.371862076E-03
+35.304000E-06,+162.361811846E-03
+35.307500E-06,+162.361811846E-03
+35.311000E-06,+164.371862076E-03
+35.314500E-06,+166.381912306E-03
+35.318000E-06,+162.361811846E-03
+35.321500E-06,+164.371862076E-03
+35.325000E-06,+164.874374630E-03
+35.328500E-06,+162.361811846E-03
+35.332000E-06,+164.371862076E-03
+35.335500E-06,+164.371862076E-03
+35.339000E-06,+166.381912306E-03
+35.342500E-06,+162.361811846E-03
+35.346000E-06,+164.371862076E-03
+35.349500E-06,+164.371862076E-03
+35.353000E-06,+166.381912306E-03
+35.356500E-06,+163.869349522E-03
+35.360000E-06,+164.371862076E-03
+35.363500E-06,+164.371862076E-03
+35.367000E-06,+164.371862076E-03
+35.370500E-06,+164.874374630E-03
+35.374000E-06,+164.371862076E-03
+35.377500E-06,+166.381912306E-03
+35.381000E-06,+164.371862076E-03
+35.384500E-06,+164.874374630E-03
+35.388000E-06,+164.371862076E-03
+35.391500E-06,+164.371862076E-03
+35.395000E-06,+164.371862076E-03
+35.398500E-06,+162.361811846E-03
+35.402000E-06,+164.371862076E-03
+35.405500E-06,+166.884424860E-03
+35.409000E-06,+164.371862076E-03
+35.412500E-06,+166.381912306E-03
+35.416000E-06,+162.361811846E-03
+35.419500E-06,+162.361811846E-03
+35.423000E-06,+162.361811846E-03
+35.426500E-06,+164.371862076E-03
+35.430000E-06,+162.361811846E-03
+35.433500E-06,+164.371862076E-03
+35.437000E-06,+166.381912306E-03
+35.440500E-06,+162.361811846E-03
+35.444000E-06,+166.381912306E-03
+35.447500E-06,+164.371862076E-03
+35.451000E-06,+163.869349522E-03
+35.454500E-06,+162.864324400E-03
+35.458000E-06,+166.381912306E-03
+35.461500E-06,+164.371862076E-03
+35.465000E-06,+164.371862076E-03
+35.468500E-06,+166.381912306E-03
+35.472000E-06,+164.371862076E-03
+35.475500E-06,+164.371862076E-03
+35.479000E-06,+166.381912306E-03
+35.482500E-06,+164.371862076E-03
+35.486000E-06,+164.371862076E-03
+35.489500E-06,+165.879399752E-03
+35.493000E-06,+168.391962536E-03
+35.496500E-06,+164.371862076E-03
+35.500000E-06,+166.381912306E-03
+35.503500E-06,+166.381912306E-03
+35.507000E-06,+166.381912306E-03
+35.510500E-06,+164.371862076E-03
+35.514000E-06,+166.381912306E-03
+35.517500E-06,+165.879399752E-03
+35.521000E-06,+166.381912306E-03
+35.524500E-06,+164.371862076E-03
+35.528000E-06,+164.371862076E-03
+35.531500E-06,+164.371862076E-03
+35.535000E-06,+166.381912306E-03
+35.538500E-06,+162.361811846E-03
+35.542000E-06,+164.874374630E-03
+35.545500E-06,+166.381912306E-03
+35.549000E-06,+166.381912306E-03
+35.552500E-06,+164.371862076E-03
+35.556000E-06,+162.361811846E-03
+35.559500E-06,+162.864324400E-03
+35.563000E-06,+165.879399752E-03
+35.566500E-06,+162.361811846E-03
+35.570000E-06,+164.371862076E-03
+35.573500E-06,+166.381912306E-03
+35.577000E-06,+166.381912306E-03
+35.580500E-06,+162.864324400E-03
+35.584000E-06,+164.371862076E-03
+35.587500E-06,+164.371862076E-03
+35.591000E-06,+164.371862076E-03
+35.594500E-06,+164.371862076E-03
+35.598000E-06,+164.371862076E-03
+35.601500E-06,+162.864324400E-03
+35.605000E-06,+164.371862076E-03
+35.608500E-06,+162.361811846E-03
+35.612000E-06,+162.361811846E-03
+35.615500E-06,+162.361811846E-03
+35.619000E-06,+164.371862076E-03
+35.622500E-06,+162.361811846E-03
+35.626000E-06,+162.361811846E-03
+35.629500E-06,+161.859299293E-03
+35.633000E-06,+164.371862076E-03
+35.636500E-06,+162.361811846E-03
+35.640000E-06,+163.869349523E-03
+35.643500E-06,+162.361811846E-03
+35.647000E-06,+164.371862076E-03
+35.650500E-06,+164.371862076E-03
+35.654000E-06,+162.361811846E-03
+35.657500E-06,+162.361811846E-03
+35.661000E-06,+164.371862076E-03
+35.664500E-06,+164.371862076E-03
+35.668000E-06,+162.361811846E-03
+35.671500E-06,+164.371862076E-03
+35.675000E-06,+164.371862076E-03
+35.678500E-06,+162.361811846E-03
+35.682000E-06,+162.361811846E-03
+35.685500E-06,+163.869349523E-03
+35.689000E-06,+162.361811846E-03
+35.692500E-06,+163.869349523E-03
+35.696000E-06,+164.371862076E-03
+35.699500E-06,+162.361811846E-03
+35.703000E-06,+160.854274170E-03
+35.706500E-06,+164.371862076E-03
+35.710000E-06,+162.864324400E-03
+35.713500E-06,+162.361811846E-03
+35.717000E-06,+162.361811846E-03
+35.720500E-06,+164.371862076E-03
+35.724000E-06,+163.869349523E-03
+35.727500E-06,+164.371862076E-03
+35.731000E-06,+162.361811846E-03
+35.734500E-06,+164.371862076E-03
+35.738000E-06,+162.361811846E-03
+35.741500E-06,+162.361811846E-03
+35.745000E-06,+162.361811846E-03
+35.748500E-06,+164.371862076E-03
+35.752000E-06,+164.371862076E-03
+35.755500E-06,+162.361811846E-03
+35.759000E-06,+162.361811846E-03
+35.762500E-06,+164.371862076E-03
+35.766000E-06,+162.361811846E-03
+35.769500E-06,+162.361811846E-03
+35.773000E-06,+164.371862076E-03
+35.776500E-06,+164.371862076E-03
+35.780000E-06,+164.371862076E-03
+35.783500E-06,+162.361811846E-03
+35.787000E-06,+166.381912306E-03
+35.790500E-06,+164.371862076E-03
+35.794000E-06,+162.361811846E-03
+35.797500E-06,+162.361811846E-03
+35.801000E-06,+164.371862076E-03
+35.804500E-06,+166.381912306E-03
+35.808000E-06,+164.371862076E-03
+35.811500E-06,+164.371862076E-03
+35.815000E-06,+164.371862076E-03
+35.818500E-06,+164.371862076E-03
+35.822000E-06,+164.371862076E-03
+35.825500E-06,+164.371862076E-03
+35.829000E-06,+164.371862076E-03
+35.832500E-06,+162.361811846E-03
+35.836000E-06,+164.371862076E-03
+35.839500E-06,+162.864324400E-03
+35.843000E-06,+164.371862076E-03
+35.846500E-06,+164.371862076E-03
+35.850000E-06,+164.371862076E-03
+35.853500E-06,+162.361811846E-03
+35.857000E-06,+164.371862076E-03
+35.860500E-06,+164.371862076E-03
+35.864000E-06,+167.889449982E-03
+35.867500E-06,+164.371862076E-03
+35.871000E-06,+164.371862076E-03
+35.874500E-06,+164.371862076E-03
+35.878000E-06,+164.371862076E-03
+35.881500E-06,+164.371862076E-03
+35.885000E-06,+162.361811846E-03
+35.888500E-06,+162.361811846E-03
+35.892000E-06,+162.361811846E-03
+35.895500E-06,+163.869349523E-03
+35.899000E-06,+164.371862076E-03
+35.902500E-06,+162.361811846E-03
+35.906000E-06,+162.361811846E-03
+35.909500E-06,+163.869349523E-03
+35.913000E-06,+164.371862076E-03
+35.916500E-06,+160.351761617E-03
+35.920000E-06,+162.361811846E-03
+35.923500E-06,+165.879399753E-03
+35.927000E-06,+164.371862076E-03
+35.930500E-06,+166.381912306E-03
+35.934000E-06,+164.371862076E-03
+35.937500E-06,+162.864324400E-03
+35.941000E-06,+164.371862076E-03
+35.944500E-06,+162.361811846E-03
+35.948000E-06,+164.371862076E-03
+35.951500E-06,+164.874374630E-03
+35.955000E-06,+162.361811846E-03
+35.958500E-06,+164.371862076E-03
+35.962000E-06,+163.869349523E-03
+35.965500E-06,+162.361811846E-03
+35.969000E-06,+162.361811846E-03
+35.972500E-06,+164.371862076E-03
+35.976000E-06,+162.361811846E-03
+35.979500E-06,+164.874374630E-03
+35.983000E-06,+162.361811846E-03
+35.986500E-06,+164.371862076E-03
+35.990000E-06,+164.371862076E-03
+35.993500E-06,+164.371862076E-03
+35.997000E-06,+162.864324400E-03
+36.000500E-06,+162.361811846E-03
+36.004000E-06,+164.371862076E-03
+36.007500E-06,+162.864324400E-03
+36.011000E-06,+164.371862076E-03
+36.014500E-06,+162.361811846E-03
+36.018000E-06,+163.869349523E-03
+36.021500E-06,+166.381912306E-03
+36.025000E-06,+164.874374629E-03
+36.028500E-06,+164.371862076E-03
+36.032000E-06,+163.869349523E-03
+36.035500E-06,+162.361811846E-03
+36.039000E-06,+162.361811846E-03
+36.042500E-06,+164.371862076E-03
+36.046000E-06,+162.361811846E-03
+36.049500E-06,+164.371862076E-03
+36.053000E-06,+160.854274170E-03
+36.056500E-06,+162.361811846E-03
+36.060000E-06,+164.371862076E-03
+36.063500E-06,+164.371862076E-03
+36.067000E-06,+164.371862076E-03
+36.070500E-06,+164.371862076E-03
+36.074000E-06,+164.371862076E-03
+36.077500E-06,+162.361811846E-03
+36.081000E-06,+164.371862076E-03
+36.084500E-06,+166.381912306E-03
+36.088000E-06,+164.371862076E-03
+36.091500E-06,+166.381912306E-03
+36.095000E-06,+165.879399753E-03
+36.098500E-06,+162.864324400E-03
+36.102000E-06,+164.371862076E-03
+36.105500E-06,+166.381912306E-03
+36.109000E-06,+164.371862076E-03
+36.112500E-06,+166.381912306E-03
+36.116000E-06,+164.371862076E-03
+36.119500E-06,+164.371862076E-03
+36.123000E-06,+166.381912306E-03
+36.126500E-06,+164.371862076E-03
+36.130000E-06,+164.371862076E-03
+36.133500E-06,+164.371862076E-03
+36.137000E-06,+164.371862076E-03
+36.140500E-06,+164.371862076E-03
+36.144000E-06,+167.889449983E-03
+36.147500E-06,+166.381912306E-03
+36.151000E-06,+166.381912306E-03
+36.154500E-06,+164.371862076E-03
+36.158000E-06,+164.371862076E-03
+36.161500E-06,+162.864324400E-03
+36.165000E-06,+164.371862076E-03
+36.168500E-06,+166.381912306E-03
+36.172000E-06,+166.381912306E-03
+36.175500E-06,+164.371862076E-03
+36.179000E-06,+166.381912306E-03
+36.182500E-06,+165.879399753E-03
+36.186000E-06,+164.371862076E-03
+36.189500E-06,+164.371862076E-03
+36.193000E-06,+164.371862076E-03
+36.196500E-06,+164.371862076E-03
+36.200000E-06,+164.371862076E-03
+36.203500E-06,+164.371862076E-03
+36.207000E-06,+164.371862076E-03
+36.210500E-06,+164.371862076E-03
+36.214000E-06,+164.371862076E-03
+36.217500E-06,+164.371862076E-03
+36.221000E-06,+164.371862076E-03
+36.224500E-06,+164.371862076E-03
+36.228000E-06,+166.381912306E-03
+36.231500E-06,+164.371862076E-03
+36.235000E-06,+162.361811846E-03
+36.238500E-06,+163.869349523E-03
+36.242000E-06,+166.381912306E-03
+36.245500E-06,+164.371862076E-03
+36.249000E-06,+164.371862076E-03
+36.252500E-06,+164.371862076E-03
+36.256000E-06,+163.869349523E-03
+36.259500E-06,+162.361811846E-03
+36.263000E-06,+164.371862076E-03
+36.266500E-06,+164.371862076E-03
+36.270000E-06,+162.361811846E-03
+36.273500E-06,+162.361811846E-03
+36.277000E-06,+162.361811846E-03
+36.280500E-06,+160.351761617E-03
+36.284000E-06,+162.361811846E-03
+36.287500E-06,+162.361811846E-03
+36.291000E-06,+160.351761617E-03
+36.294500E-06,+162.361811846E-03
+36.298000E-06,+164.371862076E-03
+36.301500E-06,+162.361811846E-03
+36.305000E-06,+162.361811846E-03
+36.308500E-06,+164.371862076E-03
+36.312000E-06,+162.361811846E-03
+36.315500E-06,+163.869349523E-03
+36.319000E-06,+162.864324399E-03
+36.322500E-06,+162.361811846E-03
+36.326000E-06,+164.371862076E-03
+36.329500E-06,+162.361811846E-03
+36.333000E-06,+162.361811846E-03
+36.336500E-06,+164.371862076E-03
+36.340000E-06,+164.371862076E-03
+36.343500E-06,+162.361811846E-03
+36.347000E-06,+164.371862076E-03
+36.350500E-06,+166.381912306E-03
+36.354000E-06,+162.361811846E-03
+36.357500E-06,+163.869349523E-03
+36.361000E-06,+164.371862076E-03
+36.364500E-06,+162.361811846E-03
+36.368000E-06,+162.361811846E-03
+36.371500E-06,+162.864324399E-03
+36.375000E-06,+164.371862076E-03
+36.378500E-06,+162.361811846E-03
+36.382000E-06,+164.371862076E-03
+36.385500E-06,+166.381912306E-03
+36.389000E-06,+164.874374629E-03
+36.392500E-06,+160.351761617E-03
+36.396000E-06,+164.371862076E-03
+36.399500E-06,+162.361811846E-03
+36.403000E-06,+162.361811846E-03
+36.406500E-06,+163.869349523E-03
+36.410000E-06,+161.859299294E-03
+36.413500E-06,+162.864324399E-03
+36.417000E-06,+162.361811846E-03
+36.420500E-06,+162.864324399E-03
+36.424000E-06,+162.361811846E-03
+36.427500E-06,+162.361811846E-03
+36.431000E-06,+164.371862076E-03
+36.434500E-06,+162.361811846E-03
+36.438000E-06,+164.371862076E-03
+36.441500E-06,+162.864324399E-03
+36.445000E-06,+162.361811846E-03
+36.448500E-06,+164.371862076E-03
+36.452000E-06,+164.371862076E-03
+36.455500E-06,+164.371862076E-03
+36.459000E-06,+162.361811846E-03
+36.462500E-06,+164.371862076E-03
+36.466000E-06,+160.351761617E-03
+36.469500E-06,+162.361811846E-03
+36.473000E-06,+162.361811846E-03
+36.476500E-06,+164.371862076E-03
+36.480000E-06,+163.869349523E-03
+36.483500E-06,+164.371862076E-03
+36.487000E-06,+162.361811846E-03
+36.490500E-06,+164.371862076E-03
+36.494000E-06,+160.351761617E-03
+36.497500E-06,+162.361811846E-03
+36.501000E-06,+162.864324399E-03
+36.504500E-06,+162.361811846E-03
+36.508000E-06,+160.351761617E-03
+36.511500E-06,+164.371862076E-03
+36.515000E-06,+164.371862076E-03
+36.518500E-06,+163.869349523E-03
+36.522000E-06,+164.371862076E-03
+36.525500E-06,+162.361811846E-03
+36.529000E-06,+164.371862076E-03
+36.532500E-06,+164.874374629E-03
+36.536000E-06,+160.351761617E-03
+36.539500E-06,+162.361811846E-03
+36.543000E-06,+164.371862076E-03
+36.546500E-06,+164.371862076E-03
+36.550000E-06,+162.361811846E-03
+36.553500E-06,+164.371862076E-03
+36.557000E-06,+164.371862076E-03
+36.560500E-06,+164.371862076E-03
+36.564000E-06,+164.371862076E-03
+36.567500E-06,+162.361811846E-03
+36.571000E-06,+162.361811846E-03
+36.574500E-06,+164.371862076E-03
+36.578000E-06,+162.361811846E-03
+36.581500E-06,+164.371862076E-03
+36.585000E-06,+163.869349524E-03
+36.588500E-06,+164.371862076E-03
+36.592000E-06,+165.879399753E-03
+36.595500E-06,+164.371862076E-03
+36.599000E-06,+164.371862076E-03
+36.602500E-06,+166.381912306E-03
+36.606000E-06,+162.864324399E-03
+36.609500E-06,+162.361811846E-03
+36.613000E-06,+162.864324399E-03
+36.616500E-06,+164.371862076E-03
+36.620000E-06,+164.371862076E-03
+36.623500E-06,+163.869349524E-03
+36.627000E-06,+164.371862076E-03
+36.630500E-06,+164.371862076E-03
+36.634000E-06,+163.869349524E-03
+36.637500E-06,+162.361811846E-03
+36.641000E-06,+165.879399753E-03
+36.644500E-06,+163.869349524E-03
+36.648000E-06,+162.361811846E-03
+36.651500E-06,+164.371862076E-03
+36.655000E-06,+162.361811846E-03
+36.658500E-06,+164.371862076E-03
+36.662000E-06,+164.371862076E-03
+36.665500E-06,+165.879399753E-03
+36.669000E-06,+164.371862076E-03
+36.672500E-06,+164.371862076E-03
+36.676000E-06,+164.371862076E-03
+36.679500E-06,+164.371862076E-03
+36.683000E-06,+162.361811846E-03
+36.686500E-06,+162.361811846E-03
+36.690000E-06,+164.371862076E-03
+36.693500E-06,+163.869349524E-03
+36.697000E-06,+164.371862076E-03
+36.700500E-06,+166.381912306E-03
+36.704000E-06,+164.371862076E-03
+36.707500E-06,+164.874374629E-03
+36.711000E-06,+162.361811846E-03
+36.714500E-06,+164.371862076E-03
+36.718000E-06,+162.864324399E-03
+36.721500E-06,+166.381912306E-03
+36.725000E-06,+164.371862076E-03
+36.728500E-06,+164.371862076E-03
+36.732000E-06,+164.371862076E-03
+36.735500E-06,+164.371862076E-03
+36.739000E-06,+164.371862076E-03
+36.742500E-06,+164.371862076E-03
+36.746000E-06,+162.361811846E-03
+36.749500E-06,+165.879399753E-03
+36.753000E-06,+166.381912306E-03
+36.756500E-06,+164.371862076E-03
+36.760000E-06,+164.371862076E-03
+36.763500E-06,+164.371862076E-03
+36.767000E-06,+166.381912306E-03
+36.770500E-06,+166.381912306E-03
+36.774000E-06,+166.884424858E-03
+36.777500E-06,+166.381912306E-03
+36.781000E-06,+166.381912306E-03
+36.784500E-06,+164.371862076E-03
+36.788000E-06,+164.371862076E-03
+36.791500E-06,+166.381912306E-03
+36.795000E-06,+166.381912306E-03
+36.798500E-06,+164.371862076E-03
+36.802000E-06,+164.371862076E-03
+36.805500E-06,+166.381912306E-03
+36.809000E-06,+166.381912306E-03
+36.812500E-06,+164.371862076E-03
+36.816000E-06,+166.381912306E-03
+36.819500E-06,+164.371862076E-03
+36.823000E-06,+164.371862076E-03
+36.826500E-06,+164.371862076E-03
+36.830000E-06,+164.371862076E-03
+36.833500E-06,+164.371862076E-03
+36.837000E-06,+166.381912306E-03
+36.840500E-06,+164.371862076E-03
+36.844000E-06,+164.874374629E-03
+36.847500E-06,+165.879399754E-03
+36.851000E-06,+162.864324399E-03
+36.854500E-06,+162.361811846E-03
+36.858000E-06,+164.371862076E-03
+36.861500E-06,+162.361811846E-03
+36.865000E-06,+166.381912306E-03
+36.868500E-06,+162.864324399E-03
+36.872000E-06,+162.361811846E-03
+36.875500E-06,+164.371862076E-03
+36.879000E-06,+162.361811846E-03
+36.882500E-06,+164.371862076E-03
+36.886000E-06,+162.361811846E-03
+36.889500E-06,+160.854274169E-03
+36.893000E-06,+160.854274169E-03
+36.896500E-06,+158.341711387E-03
+36.900000E-06,+160.351761617E-03
+36.903500E-06,+158.341711387E-03
+36.907000E-06,+158.341711387E-03
+36.910500E-06,+154.321610928E-03
+36.914000E-06,+158.341711387E-03
+36.917500E-06,+158.341711387E-03
+36.921000E-06,+156.331661157E-03
+36.924500E-06,+154.321610928E-03
+36.928000E-06,+154.321610928E-03
+36.931500E-06,+156.331661157E-03
+36.935000E-06,+152.311560698E-03
+36.938500E-06,+154.321610928E-03
+36.942000E-06,+152.311560698E-03
+36.945500E-06,+152.311560698E-03
+36.949000E-06,+152.311560698E-03
+36.952500E-06,+152.311560698E-03
+36.956000E-06,+152.311560698E-03
+36.959500E-06,+149.798997916E-03
+36.963000E-06,+152.311560698E-03
+36.966500E-06,+150.301510468E-03
+36.970000E-06,+150.301510468E-03
+36.973500E-06,+150.301510468E-03
+36.977000E-06,+148.793972791E-03
+36.980500E-06,+148.291460238E-03
+36.984000E-06,+146.783922561E-03
+36.987500E-06,+146.281410009E-03
+36.991000E-06,+144.271359779E-03
+36.994500E-06,+146.281410009E-03
+36.998000E-06,+144.271359779E-03
+37.001500E-06,+144.773872331E-03
+37.005000E-06,+146.281410009E-03
+37.008500E-06,+142.261309549E-03
+37.012000E-06,+142.763822101E-03
+37.015500E-06,+141.758796997E-03
+37.019000E-06,+142.261309549E-03
+37.022500E-06,+140.251259319E-03
+37.026000E-06,+142.261309549E-03
+37.029500E-06,+141.758796997E-03
+37.033000E-06,+138.241209090E-03
+37.036500E-06,+138.241209090E-03
+37.040000E-06,+138.241209090E-03
+37.043500E-06,+138.241209090E-03
+37.047000E-06,+134.221108630E-03
+37.050500E-06,+136.231158860E-03
+37.054000E-06,+136.231158860E-03
+37.057500E-06,+136.231158860E-03
+37.061000E-06,+134.221108630E-03
+37.064500E-06,+134.221108630E-03
+37.068000E-06,+134.221108630E-03
+37.071500E-06,+132.211058401E-03
+37.075000E-06,+132.211058401E-03
+37.078500E-06,+133.718596078E-03
+37.082000E-06,+130.201008171E-03
+37.085500E-06,+130.201008171E-03
+37.089000E-06,+127.688445389E-03
+37.092500E-06,+128.693470493E-03
+37.096000E-06,+128.190957941E-03
+37.099500E-06,+127.688445389E-03
+37.103000E-06,+124.673370034E-03
+37.106500E-06,+128.190957941E-03
+37.110000E-06,+124.170857482E-03
+37.113500E-06,+124.673370034E-03
+37.117000E-06,+126.180907711E-03
+37.120500E-06,+122.160807252E-03
+37.124000E-06,+122.160807252E-03
+37.127500E-06,+122.160807252E-03
+37.131000E-06,+122.160807252E-03
+37.134500E-06,+120.150757022E-03
+37.138000E-06,+123.668344930E-03
+37.141500E-06,+122.160807252E-03
+37.145000E-06,+120.150757022E-03
+37.148500E-06,+118.140706792E-03
+37.152000E-06,+116.633169115E-03
+37.155500E-06,+120.150757022E-03
+37.159000E-06,+118.140706792E-03
+37.162500E-06,+116.130656563E-03
+37.166000E-06,+116.130656563E-03
+37.169500E-06,+116.130656563E-03
+37.173000E-06,+114.120606333E-03
+37.176500E-06,+112.110556103E-03
+37.180000E-06,+113.618093781E-03
+37.183500E-06,+112.110556103E-03
+37.187000E-06,+112.110556103E-03
+37.190500E-06,+110.603018426E-03
+37.194000E-06,+110.100505874E-03
+37.197500E-06,+108.090455644E-03
+37.201000E-06,+106.080405414E-03
+37.204500E-06,+108.090455644E-03
+37.208000E-06,+108.592968196E-03
+37.211500E-06,+110.100505874E-03
+37.215000E-06,+106.080405414E-03
+37.218500E-06,+108.090455644E-03
+37.222000E-06,+102.562817507E-03
+37.225500E-06,+104.070355184E-03
+37.229000E-06,+106.582917966E-03
+37.232500E-06,+104.070355184E-03
+37.236000E-06,+102.562817507E-03
+37.239500E-06,+104.070355184E-03
+37.243000E-06,+102.060304955E-03
+37.246500E-06,+102.060304955E-03
+37.250000E-06,+102.060304955E-03
+37.253500E-06,+100.050254725E-03
+37.257000E-06,+100.050254725E-03
+37.260500E-06,+100.050254725E-03
+37.264000E-06,+98.040204495E-03
+37.267500E-06,+98.040204495E-03
+37.271000E-06,+96.030154265E-03
+37.274500E-06,+96.030154265E-03
+37.278000E-06,+96.030154265E-03
+37.281500E-06,+96.030154265E-03
+37.285000E-06,+94.020104036E-03
+37.288500E-06,+92.010053806E-03
+37.292000E-06,+96.030154265E-03
+37.295500E-06,+92.512566358E-03
+37.299000E-06,+92.010053806E-03
+37.302500E-06,+92.010053806E-03
+37.306000E-06,+94.020104036E-03
+37.309500E-06,+94.020104036E-03
+37.313000E-06,+92.010053806E-03
+37.316500E-06,+90.502516128E-03
+37.320000E-06,+89.497491024E-03
+37.323500E-06,+90.000003576E-03
+37.327000E-06,+88.492465898E-03
+37.330500E-06,+89.497491024E-03
+37.334000E-06,+87.989953347E-03
+37.337500E-06,+87.989953347E-03
+37.341000E-06,+85.979903117E-03
+37.344500E-06,+84.472365439E-03
+37.348000E-06,+85.979903117E-03
+37.351500E-06,+81.959802657E-03
+37.355000E-06,+83.969852887E-03
+37.358500E-06,+82.462315209E-03
+37.362000E-06,+83.467340335E-03
+37.365500E-06,+83.969852887E-03
+37.369000E-06,+81.959802657E-03
+37.372500E-06,+79.949752428E-03
+37.376000E-06,+77.939702198E-03
+37.379500E-06,+79.949752428E-03
+37.383000E-06,+79.949752428E-03
+37.386500E-06,+77.939702198E-03
+37.390000E-06,+77.939702198E-03
+37.393500E-06,+77.939702198E-03
+37.397000E-06,+77.437189646E-03
+37.400500E-06,+73.919601738E-03
+37.404000E-06,+77.939702198E-03
+37.407500E-06,+75.929651968E-03
+37.411000E-06,+77.939702198E-03
+37.414500E-06,+75.929651968E-03
+37.418000E-06,+74.422114290E-03
+37.421500E-06,+73.919601738E-03
+37.425000E-06,+73.919601738E-03
+37.428500E-06,+73.919601738E-03
+37.432000E-06,+72.412064061E-03
+37.435500E-06,+71.909551509E-03
+37.439000E-06,+73.417089187E-03
+37.442500E-06,+71.909551509E-03
+37.446000E-06,+71.909551509E-03
+37.449500E-06,+69.899501279E-03
+37.453000E-06,+67.889451049E-03
+37.456500E-06,+69.899501279E-03
+37.460000E-06,+69.899501279E-03
+37.463500E-06,+67.386938497E-03
+37.467000E-06,+69.396988727E-03
+37.470500E-06,+67.889451049E-03
+37.474000E-06,+67.889451049E-03
+37.477500E-06,+65.376888268E-03
+37.481000E-06,+65.879400820E-03
+37.484500E-06,+65.879400820E-03
+37.488000E-06,+63.869350590E-03
+37.491500E-06,+63.869350590E-03
+37.495000E-06,+63.869350590E-03
+37.498500E-06,+63.869350590E-03
+37.502000E-06,+61.859300360E-03
+37.505500E-06,+61.859300360E-03
+37.509000E-06,+61.859300360E-03
+37.512500E-06,+59.849250130E-03
+37.516000E-06,+59.849250130E-03
+37.519500E-06,+61.859300360E-03
+37.523000E-06,+59.849250130E-03
+37.526500E-06,+61.859300360E-03
+37.530000E-06,+59.849250130E-03
+37.533500E-06,+59.346737579E-03
+37.537000E-06,+59.849250130E-03
+37.540500E-06,+57.839199901E-03
+37.544000E-06,+55.829149671E-03
+37.547500E-06,+57.336687349E-03
+37.551000E-06,+53.819099441E-03
+37.554500E-06,+55.829149671E-03
+37.558000E-06,+54.321611993E-03
+37.561500E-06,+57.839199901E-03
+37.565000E-06,+53.819099441E-03
+37.568500E-06,+51.809049211E-03
+37.572000E-06,+53.819099441E-03
+37.575500E-06,+51.809049211E-03
+37.579000E-06,+53.819099441E-03
+37.582500E-06,+49.798998982E-03
+37.586000E-06,+51.809049211E-03
+37.589500E-06,+49.798998982E-03
+37.593000E-06,+51.306536660E-03
+37.596500E-06,+49.798998982E-03
+37.600000E-06,+49.798998982E-03
+37.603500E-06,+47.788948752E-03
+37.607000E-06,+45.778898522E-03
+37.610500E-06,+47.788948752E-03
+37.614000E-06,+46.281411074E-03
+37.617500E-06,+47.788948752E-03
+37.621000E-06,+45.778898522E-03
+37.624500E-06,+47.788948752E-03
+37.628000E-06,+47.788948752E-03
+37.631500E-06,+45.778898522E-03
+37.635000E-06,+44.271360844E-03
+37.638500E-06,+43.768848293E-03
+37.642000E-06,+45.778898522E-03
+37.645500E-06,+45.778898522E-03
+37.649000E-06,+45.276385971E-03
+37.652500E-06,+44.271360844E-03
+37.656000E-06,+43.768848293E-03
+37.659500E-06,+43.768848293E-03
+37.663000E-06,+43.768848293E-03
+37.666500E-06,+43.768848293E-03
+37.670000E-06,+41.758798063E-03
+37.673500E-06,+43.768848293E-03
+37.677000E-06,+41.758798063E-03
+37.680500E-06,+41.758798063E-03
+37.684000E-06,+41.758798063E-03
+37.687500E-06,+39.748747833E-03
+37.691000E-06,+39.748747833E-03
+37.694500E-06,+39.748747833E-03
+37.698000E-06,+41.256285511E-03
+37.701500E-06,+39.246235282E-03
+37.705000E-06,+37.738697603E-03
+37.708500E-06,+39.246235282E-03
+37.712000E-06,+39.748747833E-03
+37.715500E-06,+38.241210155E-03
+37.719000E-06,+39.748747833E-03
+37.722500E-06,+37.738697603E-03
+37.726000E-06,+36.231159925E-03
+37.729500E-06,+35.728647374E-03
+37.733000E-06,+33.718597144E-03
+37.736500E-06,+35.728647374E-03
+37.740000E-06,+33.718597144E-03
+37.743500E-06,+37.236185052E-03
+37.747000E-06,+35.728647374E-03
+37.750500E-06,+37.738697603E-03
+37.754000E-06,+35.728647374E-03
+37.757500E-06,+35.728647374E-03
+37.761000E-06,+31.708546914E-03
+37.764500E-06,+33.718597144E-03
+37.768000E-06,+31.708546914E-03
+37.771500E-06,+33.718597144E-03
+37.775000E-06,+33.718597144E-03
+37.778500E-06,+31.708546914E-03
+37.782000E-06,+31.708546914E-03
+37.785500E-06,+29.698496684E-03
+37.789000E-06,+31.708546914E-03
+37.792500E-06,+29.698496684E-03
+37.796000E-06,+30.201009236E-03
+37.799500E-06,+29.698496684E-03
+37.803000E-06,+31.206034363E-03
+37.806500E-06,+29.698496684E-03
+37.810000E-06,+31.206034363E-03
+37.813500E-06,+29.698496684E-03
+37.817000E-06,+29.698496684E-03
+37.820500E-06,+27.688446455E-03
+37.824000E-06,+29.698496684E-03
+37.827500E-06,+29.195984133E-03
+37.831000E-06,+27.688446455E-03
+37.834500E-06,+28.190959006E-03
+37.838000E-06,+25.678396225E-03
+37.841500E-06,+29.698496684E-03
+37.845000E-06,+28.190959006E-03
+37.848500E-06,+25.678396225E-03
+37.852000E-06,+25.678396225E-03
+37.855500E-06,+25.678396225E-03
+37.859000E-06,+25.678396225E-03
+37.862500E-06,+23.668345995E-03
+37.866000E-06,+27.688446455E-03
+37.869500E-06,+25.678396225E-03
+37.873000E-06,+25.678396225E-03
+37.876500E-06,+25.678396225E-03
+37.880000E-06,+24.170858547E-03
+37.883500E-06,+25.678396225E-03
+37.887000E-06,+25.678396225E-03
+37.890500E-06,+25.678396225E-03
+37.894000E-06,+23.668345995E-03
+37.897500E-06,+21.658295766E-03
+37.901000E-06,+23.668345995E-03
+37.904500E-06,+23.668345995E-03
+37.908000E-06,+23.668345995E-03
+37.911500E-06,+21.658295766E-03
+37.915000E-06,+23.668345995E-03
+37.918500E-06,+21.658295766E-03
+37.922000E-06,+21.658295766E-03
+37.925500E-06,+21.658295766E-03
+37.929000E-06,+23.165833444E-03
+37.932500E-06,+21.658295766E-03
+37.936000E-06,+19.648245536E-03
+37.939500E-06,+19.648245536E-03
+37.943000E-06,+21.658295766E-03
+37.946500E-06,+19.648245536E-03
+37.950000E-06,+20.150758087E-03
+37.953500E-06,+19.648245536E-03
+37.957000E-06,+19.648245536E-03
+37.960500E-06,+19.648245536E-03
+37.964000E-06,+21.658295766E-03
+37.967500E-06,+19.648245536E-03
+37.971000E-06,+19.648245536E-03
+37.974500E-06,+21.658295766E-03
+37.978000E-06,+19.145732985E-03
+37.981500E-06,+17.638195306E-03
+37.985000E-06,+17.638195306E-03
+37.988500E-06,+19.648245536E-03
+37.992000E-06,+17.638195306E-03
+37.995500E-06,+17.638195306E-03
+37.999000E-06,+16.130657628E-03
+38.002500E-06,+17.638195306E-03
+38.006000E-06,+15.628145076E-03
+38.009500E-06,+17.638195306E-03
+38.013000E-06,+17.638195306E-03
+38.016500E-06,+16.130657628E-03
+38.020000E-06,+15.628145076E-03
+38.023500E-06,+15.628145076E-03
+38.027000E-06,+15.628145076E-03
+38.030500E-06,+15.628145076E-03
+38.034000E-06,+15.628145076E-03
+38.037500E-06,+15.125632525E-03
+38.041000E-06,+15.628145076E-03
+38.044500E-06,+15.628145076E-03
+38.048000E-06,+13.618094847E-03
+38.051500E-06,+15.628145076E-03
+38.055000E-06,+15.628145076E-03
+38.058500E-06,+16.130657628E-03
+38.062000E-06,+13.618094847E-03
+38.065500E-06,+15.628145076E-03
+38.069000E-06,+15.628145076E-03
+38.072500E-06,+13.618094847E-03
+38.076000E-06,+12.110557168E-03
+38.079500E-06,+15.125632525E-03
+38.083000E-06,+15.628145076E-03
+38.086500E-06,+11.608044617E-03
+38.090000E-06,+11.608044617E-03
+38.093500E-06,+13.618094847E-03
+38.097000E-06,+15.628145076E-03
+38.100500E-06,+13.618094847E-03
+38.104000E-06,+15.628145076E-03
+38.107500E-06,+13.618094847E-03
+38.111000E-06,+11.608044617E-03
+38.114500E-06,+13.618094847E-03
+38.118000E-06,+10.100506938E-03
+38.121500E-06,+11.608044617E-03
+38.125000E-06,+11.608044617E-03
+38.128500E-06,+11.105532066E-03
+38.132000E-06,+11.608044617E-03
+38.135500E-06,+11.608044617E-03
+38.139000E-06,+11.608044617E-03
+38.142500E-06,+11.608044617E-03
+38.146000E-06,+11.608044617E-03
+38.149500E-06,+11.608044617E-03
+38.153000E-06,+11.608044617E-03
+38.156500E-06,+10.100506938E-03
+38.160000E-06,+7.587944157E-03
+38.163500E-06,+9.597994387E-03
+38.167000E-06,+9.597994387E-03
+38.170500E-06,+7.587944157E-03
+38.174000E-06,+9.597994387E-03
+38.177500E-06,+7.587944157E-03
+38.181000E-06,+7.587944157E-03
+38.184500E-06,+11.608044617E-03
+38.188000E-06,+8.090456708E-03
+38.191500E-06,+7.587944157E-03
+38.195000E-06,+7.587944157E-03
+38.198500E-06,+5.577893928E-03
+38.202000E-06,+7.587944157E-03
+38.205500E-06,+5.577893928E-03
+38.209000E-06,+7.587944157E-03
+38.212500E-06,+5.577893928E-03
+38.216000E-06,+7.587944157E-03
+38.219500E-06,+5.577893928E-03
+38.223000E-06,+5.577893928E-03
+38.226500E-06,+7.587944157E-03
+38.230000E-06,+5.577893928E-03
+38.233500E-06,+7.587944157E-03
+38.237000E-06,+6.080406479E-03
+38.240500E-06,+7.085431606E-03
+38.244000E-06,+5.577893928E-03
+38.247500E-06,+6.080406479E-03
+38.251000E-06,+3.567843698E-03
+38.254500E-06,+3.567843698E-03
+38.258000E-06,+3.567843698E-03
+38.261500E-06,+5.577893928E-03
+38.265000E-06,+7.587944157E-03
+38.268500E-06,+5.577893928E-03
+38.272000E-06,+5.577893928E-03
+38.275500E-06,+3.567843698E-03
+38.279000E-06,+3.567843698E-03
+38.282500E-06,+3.567843698E-03
+38.286000E-06,+5.075381377E-03
+38.289500E-06,+3.567843698E-03
+38.293000E-06,+3.567843698E-03
+38.296500E-06,+1.557793468E-03
+38.300000E-06,+3.567843698E-03
+38.303500E-06,+3.567843698E-03
+38.307000E-06,+3.567843698E-03
+38.310500E-06,+3.567843698E-03
+38.314000E-06,+3.567843698E-03
+38.317500E-06,+3.567843698E-03
+38.321000E-06,+3.567843698E-03
+38.324500E-06,+3.567843698E-03
+38.328000E-06,+1.557793468E-03
+38.331500E-06,+3.065331147E-03
+38.335000E-06,+2.060306019E-03
+38.338500E-06,+3.567843698E-03
+38.342000E-06,+1.557793468E-03
+38.345500E-06,+1.557793468E-03
+38.349000E-06,+3.567843698E-03
+38.352500E-06,+2.060306019E-03
+38.356000E-06,+3.567843698E-03
+38.359500E-06,+1.557793468E-03
+38.363000E-06,+3.567843698E-03
+38.366500E-06,+1.557793468E-03
+38.370000E-06,+5.577893928E-03
+38.373500E-06,+1.055280917E-03
+38.377000E-06,+1.557793468E-03
+38.380500E-06,+1.557793468E-03
+38.384000E-06,+1.557793468E-03
+38.387500E-06,+3.065331147E-03
+38.391000E-06,+1.557793468E-03
+38.394500E-06,+1.557793468E-03
+38.398000E-06,-452.256761E-06
+38.401500E-06,+1.557793468E-03
+38.405000E-06,-452.256761E-06
+38.408500E-06,+1.557793468E-03
+38.412000E-06,-452.256761E-06
+38.415500E-06,-452.256761E-06
+38.419000E-06,+1.055280917E-03
+38.422500E-06,+2.060306019E-03
+38.426000E-06,+1.557793468E-03
+38.429500E-06,+1.557793468E-03
+38.433000E-06,+1.557793468E-03
+38.436500E-06,+1.557793468E-03
+38.440000E-06,+50.255789E-06
+38.443500E-06,+1.557793468E-03
+38.447000E-06,-452.256761E-06
+38.450500E-06,-452.256761E-06
+38.454000E-06,-452.256761E-06
+38.457500E-06,+1.557793468E-03
+38.461000E-06,-452.256761E-06
+38.464500E-06,-2.462306991E-03
+38.468000E-06,-452.256761E-06
+38.471500E-06,-2.462306991E-03
+38.475000E-06,+1.557793468E-03
+38.478500E-06,-452.256761E-06
+38.482000E-06,+1.557793468E-03
+38.485500E-06,-452.256761E-06
+38.489000E-06,-452.256761E-06
+38.492500E-06,+1.557793468E-03
+38.496000E-06,-452.256761E-06
+38.499500E-06,-452.256761E-06
+38.503000E-06,-452.256761E-06
+38.506500E-06,-452.256761E-06
+38.510000E-06,+1.557793468E-03
+38.513500E-06,-452.256761E-06
+38.517000E-06,-452.256761E-06
+38.520500E-06,-1.959794441E-03
+38.524000E-06,-452.256761E-06
+38.527500E-06,-954.769312E-06
+38.531000E-06,-452.256761E-06
+38.534500E-06,-2.462306991E-03
+38.538000E-06,+3.567843698E-03
+38.541500E-06,-452.256761E-06
+38.545000E-06,-452.256761E-06
+38.548500E-06,-452.256761E-06
+38.552000E-06,-452.256761E-06
+38.555500E-06,-954.769312E-06
+38.559000E-06,-2.462306991E-03
+38.562500E-06,-2.462306991E-03
+38.566000E-06,-2.462306991E-03
+38.569500E-06,-452.256761E-06
+38.573000E-06,-954.769312E-06
+38.576500E-06,-2.462306991E-03
+38.580000E-06,-2.462306991E-03
+38.583500E-06,-2.462306991E-03
+38.587000E-06,-2.462306991E-03
+38.590500E-06,-2.964819542E-03
+38.594000E-06,-2.462306991E-03
+38.597500E-06,-3.969844670E-03
+38.601000E-06,-452.256761E-06
+38.604500E-06,-1.959794441E-03
+38.608000E-06,-2.462306991E-03
+38.611500E-06,-2.964819542E-03
+38.615000E-06,-4.472357221E-03
+38.618500E-06,-452.256761E-06
+38.622000E-06,-4.472357221E-03
+38.625500E-06,-2.462306991E-03
+38.629000E-06,-2.462306991E-03
+38.632500E-06,-4.472357221E-03
+38.636000E-06,-2.462306991E-03
+38.639500E-06,-2.462306991E-03
+38.643000E-06,-2.462306991E-03
+38.646500E-06,-2.462306991E-03
+38.650000E-06,-1.959794441E-03
+38.653500E-06,-2.462306991E-03
+38.657000E-06,-2.964819542E-03
+38.660500E-06,-2.964819542E-03
+38.664000E-06,-2.462306991E-03
+38.667500E-06,-2.462306991E-03
+38.671000E-06,-2.462306991E-03
+38.674500E-06,-2.964819542E-03
+38.678000E-06,-2.462306991E-03
+38.681500E-06,-2.462306991E-03
+38.685000E-06,-3.969844670E-03
+38.688500E-06,-2.462306991E-03
+38.692000E-06,-4.472357221E-03
+38.695500E-06,-4.472357221E-03
+38.699000E-06,-4.472357221E-03
+38.702500E-06,-2.462306991E-03
+38.706000E-06,-452.256761E-06
+38.709500E-06,-2.462306991E-03
+38.713000E-06,-2.462306991E-03
+38.716500E-06,-452.256761E-06
+38.720000E-06,-2.462306991E-03
+38.723500E-06,-2.462306991E-03
+38.727000E-06,-2.964819542E-03
+38.730500E-06,-2.462306991E-03
+38.734000E-06,-3.969844670E-03
+38.737500E-06,-2.964819542E-03
+38.741000E-06,-2.462306991E-03
+38.744500E-06,-4.472357221E-03
+38.748000E-06,-2.462306991E-03
+38.751500E-06,-2.964819542E-03
+38.755000E-06,-4.472357221E-03
+38.758500E-06,-4.472357221E-03
+38.762000E-06,-4.472357221E-03
+38.765500E-06,-4.472357221E-03
+38.769000E-06,-2.964819542E-03
+38.772500E-06,-2.462306991E-03
+38.776000E-06,-4.472357221E-03
+38.779500E-06,-4.472357221E-03
+38.783000E-06,-2.462306991E-03
+38.786500E-06,-4.472357221E-03
+38.790000E-06,-6.482407451E-03
+38.793500E-06,-2.462306991E-03
+38.797000E-06,-4.472357221E-03
+38.800500E-06,-6.482407451E-03
+38.804000E-06,-6.482407451E-03
+38.807500E-06,-6.482407451E-03
+38.811000E-06,-4.472357221E-03
+38.814500E-06,-6.482407451E-03
+38.818000E-06,-2.964819542E-03
+38.821500E-06,-4.472357221E-03
+38.825000E-06,-4.472357221E-03
+38.828500E-06,-6.482407451E-03
+38.832000E-06,-7.989945130E-03
+38.835500E-06,-6.482407451E-03
+38.839000E-06,-4.974869771E-03
+38.842500E-06,-6.482407451E-03
+38.846000E-06,-7.989945130E-03
+38.849500E-06,-6.482407451E-03
+38.853000E-06,-8.492457680E-03
+38.856500E-06,-6.482407451E-03
+38.860000E-06,-5.979894900E-03
+38.863500E-06,-6.482407451E-03
+38.867000E-06,-6.482407451E-03
+38.870500E-06,-6.482407451E-03
+38.874000E-06,-6.984920001E-03
+38.877500E-06,-6.482407451E-03
+38.881000E-06,-7.989945130E-03
+38.884500E-06,-6.482407451E-03
+38.888000E-06,-8.492457680E-03
+38.891500E-06,-8.492457680E-03
+38.895000E-06,-8.492457680E-03
+38.898500E-06,-8.492457680E-03
+38.902000E-06,-4.472357221E-03
+38.905500E-06,-6.482407451E-03
+38.909000E-06,-5.979894900E-03
+38.912500E-06,-6.482407451E-03
+38.916000E-06,-8.492457680E-03
+38.919500E-06,-8.492457680E-03
+38.923000E-06,-4.974869771E-03
+38.926500E-06,-6.482407451E-03
+38.930000E-06,-6.482407451E-03
+38.933500E-06,-8.492457680E-03
+38.937000E-06,-6.482407451E-03
+38.940500E-06,-6.482407451E-03
+38.944000E-06,-6.984920001E-03
+38.947500E-06,-4.472357221E-03
+38.951000E-06,-10.502507910E-03
+38.954500E-06,-6.482407451E-03
+38.958000E-06,-6.482407451E-03
+38.961500E-06,-8.492457680E-03
+38.965000E-06,-8.492457680E-03
+38.968500E-06,-6.482407451E-03
+38.972000E-06,-8.492457680E-03
+38.975500E-06,-8.492457680E-03
+38.979000E-06,-6.482407451E-03
+38.982500E-06,-6.482407451E-03
+38.986000E-06,-6.482407451E-03
+38.989500E-06,-6.482407451E-03
+38.993000E-06,-6.482407451E-03
+38.996500E-06,-10.502507910E-03
